{
  "video": "samples/demo.mp4",
  "duration_sec": 121.55476666666667,
  "processing_sec": 3.435254249954596,
  "real_time_factor": 0.028260958777329693,
  "timestamps": [
    2.002000093460083,
    3.003000020980835,
    4.004000186920166,
    5.005000114440918,
    6.00600004196167,
    7.006999969482422,
    8.008000373840332,
    9.008999824523926,
    10.010000228881836,
    11.01099967956543,
    12.01200008392334,
    13.012999534606934,
    14.013999938964844,
    15.015000343322754,
    16.016000747680664,
    17.017000198364258,
    18.01799964904785,
    19.018999099731445,
    20.020000457763672,
    21.020999908447266,
    22.02199935913086,
    23.023000717163086,
    24.02400016784668,
    25.024999618530273,
    26.025999069213867,
    27.027000427246094,
    28.027999877929688,
    29.02899932861328,
    30.030000686645508,
    31.0310001373291,
    32.03200149536133,
    33.03300094604492,
    34.034000396728516,
    35.03499984741211,
    36.0359992980957,
    37.0369987487793,
    38.03799819946289,
    39.03900146484375,
    40.040000915527344,
    41.04100036621094,
    42.04199981689453,
    43.042999267578125,
    44.04399871826172,
    45.04499816894531,
    46.04600143432617,
    47.047000885009766,
    48.04800033569336,
    49.04899978637695,
    50.04999923706055,
    51.05099868774414,
    52.051998138427734,
    53.053001403808594,
    54.05400085449219,
    55.05500030517578,
    56.055999755859375,
    57.05699920654297,
    58.05799865722656,
    59.058998107910156,
    60.060001373291016,
    61.06100082397461,
    62.0620002746582,
    63.0629997253418,
    64.06400299072266,
    65.06500244140625,
    66.06600189208984,
    67.06700134277344,
    68.06800079345703,
    69.06900024414062,
    70.06999969482422,
    71.07099914550781,
    72.0719985961914,
    73.072998046875,
    74.0739974975586,
    75.07499694824219,
    76.07599639892578,
    77.0770034790039,
    78.0780029296875,
    79.0790023803711,
    80.08000183105469,
    81.08100128173828,
    82.08200073242188,
    83.08300018310547,
    84.08399963378906,
    85.08499908447266,
    86.08599853515625,
    87.08699798583984,
    88.08799743652344,
    89.08899688720703,
    90.08999633789062,
    91.09100341796875,
    92.09200286865234,
    93.09300231933594,
    94.09400177001953,
    95.09500122070312,
    96.09600067138672,
    97.09700012207031,
    98.0979995727539,
    99.0989990234375,
    100.0999984741211,
    101.10099792480469,
    102.10199737548828,
    103.10299682617188,
    104.10399627685547,
    105.1050033569336,
    106.10600280761719,
    107.10700225830078,
    108.10800170898438,
    109.10900115966797,
    110.11000061035156,
    111.11100006103516,
    112.11199951171875,
    113.11299896240234,
    114.11399841308594,
    115.11499786376953,
    116.11599731445312,
    117.11699676513672,
    118.11799621582031,
    119.11900329589844,
    120.12000274658203
  ],
  "raw_scores": [
    0.27633383870124817,
    0.24349400401115417,
    0.14623893797397614,
    0.12700924277305603,
    0.04805424064397812,
    0.05081016197800636,
    0.10339933633804321,
    0.2605980336666107,
    0.32896173000335693,
    0.3247482478618622,
    0.21735136210918427,
    0.20744480192661285,
    0.14702178537845612,
    0.10994432866573334,
    0.04982218146324158,
    0.025540832430124283,
    0.010969303548336029,
    0.005285325925797224,
    0.0029488811269402504,
    0.001917604822665453,
    0.00195158994756639,
    0.0020133848302066326,
    0.0032024451065808535,
    0.004885055590420961,
    0.00527489697560668,
    0.005313676781952381,
    0.005447641480714083,
    0.005456929095089436,
    0.005787150468677282,
    0.007843726314604282,
    0.013938981108367443,
    0.02982131578028202,
    0.031036358326673508,
    0.03560187295079231,
    0.035172175616025925,
    0.052660077810287476,
    0.07327092438936234,
    0.08088291436433792,
    0.07883942127227783,
    0.0596732534468174,
    0.051678359508514404,
    0.04108187183737755,
    0.035288576036691666,
    0.03173726424574852,
    0.029121968895196915,
    0.024132465943694115,
    0.020890744403004646,
    0.015971196815371513,
    0.013241580687463284,
    0.010738357901573181,
    0.012137681245803833,
    0.02167915739119053,
    0.06617896258831024,
    0.19630171358585358,
    0.2941579818725586,
    0.4172324240207672,
    0.4974503219127655,
    0.5725567936897278,
    0.6471477746963501,
    0.6107550859451294,
    0.5779853463172913,
    0.47572967410087585,
    0.30332550406455994,
    0.19925902783870697,
    0.12311234325170517,
    0.09289516508579254,
    0.07082527875900269,
    0.0685504749417305,
    0.08691675215959549,
    0.08590017259120941,
    0.10277371853590012,
    0.13717590272426605,
    0.1669403463602066,
    0.23046603798866272,
    0.29401782155036926,
    0.3620572090148926,
    0.3984382748603821,
    0.35609614849090576,
    0.3082674741744995,
    0.25486356019973755,
    0.3344574570655823,
    0.360626757144928,
    0.4174540042877197,
    0.46286019682884216,
    0.360575407743454,
    0.37235525250434875,
    0.3483094274997711,
    0.38652005791664124,
    0.46569469571113586,
    0.5556864142417908,
    0.6064133644104004,
    0.6238278150558472,
    0.6201350688934326,
    0.6191859245300293,
    0.6187235116958618,
    0.6364324688911438,
    0.5895954966545105,
    0.5463407039642334,
    0.4942112863063812,
    0.39929187297821045,
    0.3194461464881897,
    0.2444726824760437,
    0.19200682640075684,
    0.16487272083759308,
    0.18085570633411407,
    0.27763813734054565,
    0.4175534248352051,
    0.47105997800827026,
    0.5457486510276794,
    0.5824662446975708,
    0.6338504552841187,
    0.51910001039505,
    0.4058254361152649,
    0.2131052166223526,
    0.09354939311742783,
    0.04045061022043228,
    0.01942906156182289,
    0.010365142486989498,
    0.00503337848931551
  ],